{"cameraMode":{"drawMode":0,"name":"Shaded","section":"Shading Mode"},"sceneLighting":false,"audioPlay":false,"sceneViewState":{"m_AlwaysRefresh":false,"showFog":true,"showSkybox":false,"showFlares":true,"showImageEffects":true,"showParticleSystems":true,"showVisualEffectGraphs":true,"m_FxEnabled":true},"in2DMode":false,"pivot":{"x":-1.690000057220459,"y":3.619999885559082,"z":-14.230999946594239},"rotation":{"x":-0.004500105045735836,"y":-0.004499712493270636,"z":-0.000021570562239503488,"w":0.999958872795105},"size":1.7320507764816285,"orthographic":false}