{"cameraMode":{"drawMode":0,"name":"Shaded","section":"Shading Mode"},"sceneLighting":true,"audioPlay":false,"sceneViewState":{"m_AlwaysRefresh":false,"showFog":true,"showSkybox":true,"showFlares":true,"showImageEffects":true,"showParticleSystems":true,"showVisualEffectGraphs":true,"m_FxEnabled":true},"in2DMode":false,"pivot":{"x":-2.4895834922790529,"y":34.7481575012207,"z":4.421257019042969},"rotation":{"x":0.01289732288569212,"y":-0.010511895641684533,"z":-0.00011218770669074729,"w":0.9996863007545471},"size":6.244786262512207,"orthographic":true}